{"mean":{"confidence_interval":{"confidence_level":0.95,"lower_bound":166285718.7,"upper_bound":170303966.56625},"point_estimate":168260417.12,"standard_error":1022440.5451320055},"median":{"confidence_interval":{"confidence_level":0.95,"lower_bound":164311848.0,"upper_bound":168540636.5},"point_estimate":166558637.5,"standard_error":1081433.7379658867},"median_abs_dev":{"confidence_interval":{"confidence_level":0.95,"lower_bound":7660629.646396637,"upper_bound":11873639.846500754},"point_estimate":9710821.522298455,"standard_error":1027217.8840388706},"slope":null,"std_dev":{"confidence_interval":{"confidence_level":0.95,"lower_bound":8606051.596457904,"upper_bound":11726651.417713994},"point_estimate":10231048.46385708,"standard_error":800529.8169276197}}