{"mean":{"confidence_interval":{"confidence_level":0.95,"lower_bound":116235557.11575,"upper_bound":118738307.09425},"point_estimate":117451322.39,"standard_error":640587.0306701168},"median":{"confidence_interval":{"confidence_level":0.95,"lower_bound":115981596.0,"upper_bound":118712791.0},"point_estimate":117465281.0,"standard_error":793250.7823316971},"median_abs_dev":{"confidence_interval":{"confidence_level":0.95,"lower_bound":4465801.649916172,"upper_bound":7609169.194350242},"point_estimate":6121341.72142446,"standard_error":797536.8383055533},"slope":null,"std_dev":{"confidence_interval":{"confidence_level":0.95,"lower_bound":5252407.750501926,"upper_bound":7743496.879760967},"point_estimate":6447470.789349802,"standard_error":649291.3902133931}}